"30 cm tiefe kommoden","(0 - 30 cm tiefe kommoden)"
"abfalleimer,Abfallbehälter,Abfalltonne,Abfalleimer,Mülltonne,Abfallkorb,Mistkübel,abfallbehälter,Mülleimer","(2 - abfalleimer),(1 - abfallbehälter)"
"ablagetisch","(3 - ablagetisch)"
"abstandshalter","(4 - abstandshalter)"
"abtropfgestell","(5 - abtropfgestell)"
"abtropfgestelle","(6 - abtropfgestelle)"
"abzugshaube","(7 - abzugshaube)"
"abzugshauben","(8 - abzugshauben)"
"ada","(9 - ada)"
"adventskranz led","(10 - adventskranz led)"
"aktenschränke","(11 - aktenschränke)"
"allibert","(12 - allibert)"
"allibert badmöbel","(13 - allibert badmöbel)"
"aluminiumtisch gartentisch","(14 - aluminiumtisch gartentisch)"
"amazon gartenmöbel","(15 - amazon gartenmöbel)"
"amazon lampen","(16 - amazon lampen)"
"amazon möbel","(17 - amazon möbel)"
"amazon sitzbank","(18 - amazon sitzbank)"
"ambientehome","(19 - ambientehome)"
"ampelschirm","(20 - ampelschirm)"
"ampelschirme","(21 - ampelschirme)"
"amphore,Krug,Karaffe,Amphore (antik)","(22 - amphore)"
"anbauwand","(23 - anbauwand)"
"anbauwände","(24 - anbauwände)"
"angerer","(25 - angerer)"
"Kredenz,Anrichte,Serviertisch,Sideboard,anrichte,Büfett","(26 - anrichte)"
"jemanden traktieren mit,auftragen,servieren,kredenzen,auffahren,hinstellen,auftafeln,(jemandem mit etwas) aufwarten,vorsetzen,auftischen,anrichten,auf den Tisch bringen,anbieten","(27 - anrichten)"
"ansteckplatten","(28 - ansteckplatten)"
"anstellregal","(29 - anstellregal)"
"antik kommode","(30 - antik kommode)"
"antik möbel","(31 - antik möbel)"
"antik möbel günstig","(32 - antik möbel günstig)"
"antirutschmatte","(33 - antirutschmatte)"
"apelt","(34 - apelt)"
"apelt kissen","(35 - apelt kissen)"
"apelt kissenhüllen","(36 - apelt kissenhüllen)"
"apothekerkommode","(37 - apothekerkommode)"
"apothekerkommoden","(38 - apothekerkommoden)"
"apothekerschrank","(39 - apothekerschrank)"
"Arbeitsfläche,Arbeitsplatte (Küche),arbeitsplatte","(40 - arbeitsplatte)"
"arbeitsplatten","(41 - arbeitsplatten)"
"armlehnenstuhl","(42 - armlehnenstuhl)"
"armlehnstuhl","(43 - armlehnstuhl)"
"armlehnstuhl holz","(44 - armlehnstuhl holz)"
"armlehnstühle","(45 - armlehnstühle)"
"ars manufacti","(46 - ars manufacti)"
"ars natura","(47 - ars natura)"
"arte espina","(48 - arte espina)"
"artland","(49 - artland)"
